{
    "(0,15)": [
        13.1,
        17.55,
        22.2875,
        26.9,
        30.75625
    ],
    "(0,30)": [
        17.80625,
        34.99375,
        63.6875,
        87.4,
        132.925
    ],
    "(0,45)": [
        19.2875,
        38.23125,
        71.83125,
        138.09375,
        288.2
    ],
    "(1,15)": [
        6.46875,
        5.99375,
        7.025,
        7.2625,
        7.8625
    ],
    "(1,30)": [
        6.8,
        8.3375,
        9.2875,
        9.225,
        11.23125
    ],
    "(1,45)": [
        7.1,
        10.06875,
        9.325,
        15.16875,
        11.26875
    ]
}