{
    "(0,15)": [
        13.1,
        17.55,
        22.2875,
        26.9,
        30.75625
    ],
    "(0,30)": [
        17.80625,
        34.99375,
        63.6875,
        87.4,
        132.925
    ],
    "(0,45)": [
        19.2875,
        38.23125,
        71.83125,
        138.09375,
        288.2
    ],
    "(1,15)": [
        6.875,
        6.99375,
        9.3,
        10.06875,
        10.39375
    ],
    "(1,30)": [
        7.24375,
        8.98125,
        9.9125,
        9.7125,
        13.175
    ],
    "(1,45)": [
        7.45625,
        10.575,
        9.89375,
        16.825,
        12.64375
    ]
}