{
    "(0,15)": [
        0.3871619701385498,
        0.6678834557533264,
        0.8869647979736328,
        1.1622264981269836,
        1.290370523929596
    ],
    "(0,30)": [
        0.4030555486679077,
        0.9837210178375243,
        1.302511990070343,
        1.9728034734725952,
        2.737586200237274
    ],
    "(0,45)": [
        0.3971010446548462,
        0.9591653943061829,
        1.2878432869911194,
        2.6096314191818237,
        4.279361665248871
    ],
    "(1,15)": [
        0.43409615755081177,
        0.9519249200820923,
        1.1758685111999512,
        2.068941295146942,
        1.8296480178833008
    ],
    "(1,30)": [
        0.4822537302970886,
        1.4535963535308838,
        1.5880435705184937,
        3.2396256923675537,
        4.677101969718933
    ],
    "(1,45)": [
        0.5234166979789734,
        1.0880529880523682,
        1.592332124710083,
        5.573917925357819,
        6.7251503467559814
    ]
}