{
    "(0,15)": [
        11.8875,
        17.64375,
        21.275,
        23.575,
        32.89375,
        37.88125,
        34.74375,
        37.60625,
        38.9625
    ],
    "(0,30)": [
        17.10625,
        34.1375,
        63.625,
        90.68125,
        147.6,
        194.8625,
        255.2875,
        356.64375,
        372.34375
    ],
    "(0,45)": [
        16.98125,
        37.1875,
        80.94375,
        149.70625,
        239.08125,
        423.325,
        697.85625,
        934.975,
        1343.1875
    ],
    "(1,15)": [
        15.10625,
        19.85,
        22.5625,
        31.45,
        35.80625,
        44.38125,
        48.6125,
        56.18125,
        64.15625
    ],
    "(1,30)": [
        15.73125,
        25.33125,
        36.675,
        49.16875,
        63.7625,
        84.25625,
        115.70625,
        161.575,
        195.35
    ],
    "(1,45)": [
        16.71875,
        25.50625,
        37.375,
        54.91875,
        73.14375,
        104.13125,
        146.975,
        248.28125,
        301.53125
    ]
}