{
    "(0,15)": [
        11.8875,
        17.64375,
        21.275,
        23.575,
        32.89375,
        37.88125,
        34.74375,
        37.60625,
        38.9625
    ],
    "(0,30)": [
        17.10625,
        34.1375,
        63.625,
        90.68125,
        147.6,
        194.8625,
        255.2875,
        356.64375,
        372.34375
    ],
    "(0,45)": [
        16.98125,
        37.1875,
        80.94375,
        149.70625,
        239.08125,
        423.325,
        697.85625,
        934.975,
        1343.1875
    ],
    "(1,15)": [
        14.83125,
        19.51875,
        22.2125,
        30.65625,
        34.64375,
        43.575,
        47.64375,
        55.2,
        62.40625
    ],
    "(1,30)": [
        15.53125,
        25.0875,
        36.03125,
        48.425,
        62.925,
        83.6625,
        115.06875,
        160.375,
        193.16875
    ],
    "(1,45)": [
        16.68125,
        25.33125,
        37.2375,
        54.61875,
        72.29375,
        103.7875,
        144.025,
        247.10625,
        299.46875
    ]
}