{
    "(0,15)": [
        0.14818310737609863,
        0.42742788791656494,
        0.7415786385536194,
        0.8824944496154785,
        1.1009663343429565,
        1.319284737110138,
        1.4979228377342224,
        1.7937242984771729,
        2.162444591522217
    ],
    "(0,30)": [
        0.1821473240852356,
        0.613991916179657,
        1.0799527168273926,
        1.6062960028648376,
        2.0865648984909058,
        3.2477661967277527,
        4.246866703033447,
        6.0571253299713135,
        6.334690749645233
    ],
    "(0,45)": [
        0.16964375972747803,
        0.6073519587516785,
        1.2524724006652832,
        1.9165650010108948,
        3.076726198196411,
        5.271032452583313,
        8.817006647586823,
        11.813768744468689,
        16.17569476366043
    ],
    "(1,15)": [
        0.18336325883865356,
        0.3769978880882263,
        0.5800142884254456,
        0.8225336670875549,
        1.0055571794509888,
        1.1356011033058167,
        1.443636417388916,
        1.5706568956375122,
        1.8255889415740967
    ],
    "(1,30)": [
        0.22116005420684814,
        0.41463524103164673,
        0.7702276110649109,
        1.1876612901687622,
        1.5444234013557434,
        2.107149362564087,
        3.4375160932540894,
        4.2189255356788635,
        4.902432858943939
    ],
    "(1,45)": [
        0.3292664885520935,
        0.6053373217582703,
        0.8131802082061768,
        1.2840226292610168,
        1.9337445497512817,
        2.565501630306244,
        4.691874980926514,
        7.067453861236572,
        9.404699504375458
    ]
}